{
    "personnages": [
        { "nom": "Jeanne", "image": "https://raw.githubusercontent.com/eric-gilles/Projet_Prog/main/images/jsonHumains/Jeanne.jpg", "attributs": { "a/ont des cheveux": ["blancs"], "a/ont des yeux": ["verts"], "a/ont la peau": ["blanche"], "est/sont de sexe": ["féminin"], "est/sont": ["vieux"], "a/ont":["des bijoux","des lunettes"] } },
        { "nom": "Margot", "image": "https://raw.githubusercontent.com/eric-gilles/Projet_Prog/main/images/jsonHumains/Margot.jpg", "attributs": { "a/ont des cheveux": ["roux"], "a/ont des yeux": ["bleus"], "a/ont la peau": ["blanche"], "est/sont de sexe": ["féminin"], "est/sont": ["jeune"], "a/ont":["des taches de rousseur","un chapeau"] } },
        { "nom": "Robert", "image": "https://raw.githubusercontent.com/eric-gilles/Projet_Prog/main/images/jsonHumains/Robert.jpg", "attributs": { "a/ont des cheveux": [], "a/ont des yeux": ["noirs"], "a/ont la peau": ["mate"], "est/sont de sexe": ["masculin"], "est/sont": ["chauve","adulte"], "a/ont":["une barbe","une moustache"] } },
        { "nom": "Norbert", "image": "https://raw.githubusercontent.com/eric-gilles/Projet_Prog/main/images/jsonHumains/Norbert.jpg", "attributs": { "a/ont des cheveux": ["noirs"], "a/ont des yeux": ["noirs"], "a/ont la peau": ["blanche"], "est/sont de sexe": ["masculin"], "est/sont": ["adulte"], "a/ont":["une barbe","une moustache","des lunettes","un noeud-papillon","une chemise"] } },
        { "nom": "Thimothée", "image": "https://raw.githubusercontent.com/eric-gilles/Projet_Prog/main/images/jsonHumains/thimothee.png", "attributs": { "a/ont des cheveux": ["roux"], "a/ont des yeux": ["vairs"], "a/ont la peau":["blanche"], "est/sont de sexe": ["masculin"], "est/sont": ["un enfant"], "a/ont":["un blouson"] } },
        {"nom":"Lia","image":"https://raw.githubusercontent.com/eric-gilles/Projet_Prog/main/images/jsonHumains/Lia.jpg","attributs":{"a/ont des cheveux":["bruns"],"a/ont des yeux":["noirs"],"a/ont la peau":["noire"], "est/sont de sexe":["féminin"],"est/sont":["jeune"],"a/ont":["un bonnet"]}},
        {"nom":"Aurore","image":"https://raw.githubusercontent.com/eric-gilles/Projet_Prog/main/images/jsonHumains/Aurore.jpg","attributs":{"a/ont des cheveux":["blonds"],"a/ont des yeux":["verts"],"a/ont la peau":["blanche"], "est/sont de sexe":["féminin"],"est/sont":["jeune"],"a/ont":["des lunettes","un appareil dentaire"]}},
        {"nom":"Jean-Louis","image":"https://raw.githubusercontent.com/eric-gilles/Projet_Prog/main/images/jsonHumains/JeanLouis.jpg","attributs":{"a/ont des cheveux":["gris"],"a/ont des yeux":["gris"],"a/ont la peau":["blanche"], "est/sont de sexe":["masculin"],"est/sont":["vieux"],"a/ont":["barbe","moustache"]}},
        {"nom":"Sarah","image":"https://raw.githubusercontent.com/eric-gilles/Projet_Prog/main/images/jsonHumains/Sarah.jpg","attributs":{"a/ont des cheveux":["bruns"],"a/ont des yeux":["marrons"],"a/ont la peau":["mate"], "est/sont de sexe":["féminin"],"est/sont":["jeune"],"a/ont":["des tresses"]}},
        {"nom":"Gérard","image":"https://raw.githubusercontent.com/eric-gilles/Projet_Prog/main/images/jsonHumains/Gerard.jpg","attributs":{"a/ont des cheveux":["blancs"],"a/ont des yeux":["marrons"],"a/ont la peau":["noire"], "est/sont de sexe":["masculin"],"est/sont":["vieux"],"a/ont":["une barbe","une moustache"]}}
    ]
}
