{
    "personnages": [
        {"nom":"Sorcière","image":"https://raw.githubusercontent.com/eric-gilles/Projet_Prog/main/images/jsonlg/sorciere.png","attributs":{"est un/sont des":["villageois"],"est/sont":["humain"],"a un rôle/ont des rôles permettant de":["tuer n'importe qui","sauver"],"peut/peuvent se réveiller":["toutes les nuits"]}},
        {"nom":"Petite Fille","image":"https://raw.githubusercontent.com/eric-gilles/Projet_Prog/main/images/jsonlg/pf.png","attributs":{"est un/sont des":["villageois"],"est/sont":["humain"],"a un rôle/ont des rôles permettant de":["obtenir des informations"],"peut/peuvent se réveiller":["la nuit"]}},
        {"nom":"Infect Père des Loups","image":"https://raw.githubusercontent.com/eric-gilles/Projet_Prog/main/images/jsonlg/ipdl.png","attributs":{"est un/sont des":["loup-garou"],"est/sont":["non humain"],"a un rôle/ont des rôles permettant de":["tuer que des villageois","sauver"],"peut/peuvent se réveiller":["toutes les nuits"]}},
        {"nom":"Loup Garou Blanc","image":"https://raw.githubusercontent.com/eric-gilles/Projet_Prog/main/images/jsonlg/lgb.jpg","attributs":{"est un/sont des":["solitaire","loup-garou"],"est/sont":["non humain"],"a un rôle/ont des rôles permettant de":["tuer que des villageois","tuer que des loups-garous"],"peut/peuvent se réveiller":["toutes les nuits","une nuit sur deux"]}},
        {"nom":"Voyante","image":"https://raw.githubusercontent.com/eric-gilles/Projet_Prog/main/images/jsonlg/voyante.png","attributs":{"est un/sont des":["villageois"],"est/sont":["humain"],"a un rôle/ont des rôles permettant de":["obtenir des informations"],"peut/peuvent se réveiller":["toutes les nuits"]}},
        {"nom":"Chasseur","image":"https://raw.githubusercontent.com/eric-gilles/Projet_Prog/main/images/jsonlg/chasseur.png","attributs":{"est un/sont des":["villageois"],"est/sont":["humain"],"a un rôle/ont des rôles permettant de":["tuer n'importe qui"],"peut/peuvent se réveiller":[]}},
        {"nom":"Corbeau","image":"https://raw.githubusercontent.com/eric-gilles/Projet_Prog/main/images/jsonlg/corbeau.png","attributs":{"est un/sont des":["villageois"],"est/sont":["non humain"],"a un rôle/ont des rôles permettant de":["influencer les votes"],"peut/peuvent se réveiller":["toutes les nuits"]}},
        {"nom":"Joueur de Flûte","image":"https://raw.githubusercontent.com/eric-gilles/Projet_Prog/main/images/jsonlg/jdf.jpg","attributs":{"est un/sont des":["solitaire"],"est/sont":["humain"],"a un rôle/ont des rôles permettant de":["influencer les votes"],"peut/peuvent se réveiller":["toutes les nuits"]}},
        {"nom":"Assassin","image":"https://raw.githubusercontent.com/eric-gilles/Projet_Prog/main/images/jsonlg/assassin.png","attributs":{"est un/sont des":["solitaire"],"est/sont":["humain"],"a un rôle/ont des rôles permettant de":["tuer n'importe qui"],"peut/peuvent se réveiller":["une nuit sur deux"]}},
        {"nom":"Montreur d'Ours","image":"https://raw.githubusercontent.com/eric-gilles/Projet_Prog/main/images/jsonlg/montreur.png","attributs":{"est un/sont des":["villageois"],"est/sont":["humain"],"a un rôle/ont des rôles permettant de":["obtenir des informations"],"peut/peuvent se réveiller":[]}},
        {"nom":"Chevalier à l'Epée Rouillée","image":"https://raw.githubusercontent.com/eric-gilles/Projet_Prog/main/images/jsonlg/chevalier.png","attributs":{"est un/sont des":["villageois"],"est/sont":["humain"],"a un rôle/ont des rôles permettant de":["tuer que des loups-garous"],"peut/peuvent se réveiller":[]}},
        {"nom":"Renard","image":"https://raw.githubusercontent.com/eric-gilles/Projet_Prog/main/images/jsonlg/renard.png","attributs":{"est un/sont des":["villageois"],"est/sont":["non humain"],"a un rôle/ont des rôles permettant de":["obtenir des informations"],"peut/peuvent se réveiller":["toutes les nuits"]}},
        {"nom":"Salvateur","image":"https://raw.githubusercontent.com/eric-gilles/Projet_Prog/main/images/jsonlg/salvateur.png","attributs":{"est un/sont des":["villageois"],"est/sont":["humain"],"a un rôle/ont des rôles permettant de":["sauver","survivre à une attaque des loups"],"peut/peuvent se réveiller":["toutes les nuits"]}},
        {"nom":"Loup Garou Simple","image":"https://raw.githubusercontent.com/eric-gilles/Projet_Prog/main/images/jsonlg/lg.png","attributs":{"est un/sont des":["loup-garou"],"est/sont":["non humain"],"a un rôle/ont des rôles permettant de":["tuer que des villageois"],"peut/peuvent se réveiller":["toutes les nuits"]}},
        {"nom":"Ancien","image":"https://raw.githubusercontent.com/eric-gilles/Projet_Prog/main/images/jsonlg/ancien.png","attributs":{"est un/sont des":["villageois"],"est/sont":["humain"],"a un rôle/ont des rôles permettant de":["survivre à une attaque des loups"],"peut/peuvent se réveiller":[]}}
    ]
}
