{
    "personnages": [
        { "nom": "Marie", "image": "https://raw.githubusercontent.com/eric-gilles/Projet_Prog/main/images/jsonchat/marie.jpg", "attributs": { "a/ont un pelage": ["blanc"], "a/ont des yeux": ["bleus","verts"], "a/ont des poils": ["courts"], "a/ont un nez": ["rose"]} },
        { "nom": "Léon", "image": "https://raw.githubusercontent.com/eric-gilles/Projet_Prog/main/images/jsonchat/leon.jpg", "attributs": { "a/ont un pelage": ["noir"], "a/ont des yeux": ["jaunes"], "a/ont des poils": ["longs"], "a/ont un nez": ["noir"]} },
        { "nom": "Sacha", "image": "https://raw.githubusercontent.com/eric-gilles/Projet_Prog/main/images/jsonchat/sacha.jpg", "attributs": { "a/ont un pelage": ["roux"], "a/ont des yeux": ["jaunes"], "a/ont des poils": ["longs"], "a/ont un nez": ["orange"]} },
        { "nom": "Pierrot", "image": "https://raw.githubusercontent.com/eric-gilles/Projet_Prog/main/images/jsonchat/pierrot.jpg", "attributs": { "a/ont un pelage": ["roux"], "a/ont des yeux": ["verts", "bleus"], "a/ont des poils": ["courts"], "a/ont un nez": ["orange"]} },
        { "nom": "Harry", "image": "https://raw.githubusercontent.com/eric-gilles/Projet_Prog/main/images/jsonchat/harry.jpg", "attributs": { "a/ont un pelage": ["roux"], "a/ont des yeux": ["verts"], "a/ont des poils": ["longs"], "a/ont un nez": ["rose"]} },
        { "nom": "Garfield", "image": "https://raw.githubusercontent.com/eric-gilles/Projet_Prog/main/images/jsonchat/garfield.jpg", "attributs": { "a/ont un pelage": ["noir"], "a/ont des yeux": ["oranges"], "a/ont des poils": ["courts"], "a/ont un nez": ["noir"]} },
        { "nom": "Lily", "image": "https://raw.githubusercontent.com/eric-gilles/Projet_Prog/main/images/jsonchat/lily.jpg", "attributs":  {"a/ont un pelage": ["gris"], "a/ont des yeux": ["oranges"], "a/ont des poils": ["courts"], "a/ont un nez": ["noir"]} },
        { "nom": "Jessica", "image": "https://raw.githubusercontent.com/eric-gilles/Projet_Prog/main/images/jsonchat/jessica.jpg", "attributs": { "a/ont un pelage": ["gris"], "a/ont des yeux": ["marrons"], "a/ont des poils": ["longs"], "a/ont un nez": ["marron"]} },
        { "nom": "Enzo", "image": "https://raw.githubusercontent.com/eric-gilles/Projet_Prog/main/images/jsonchat/enzo.jpg", "attributs": { "a/ont un pelage": ["marron"], "a/ont des yeux": ["jaunes"], "a/ont des poils": ["courts"], "a/ont un nez": ["marron"]} },
        { "nom": "Raoul", "image": "https://raw.githubusercontent.com/eric-gilles/Projet_Prog/main/images/jsonchat/raoul.jpg", "attributs": { "a/ont un pelage": ["marron", "noir","multicolore"], "a/ont des yeux": ["jaunes"], "a/ont des poils": ["longs"], "a/ont un nez": ["noir"]} },
        { "nom": "Morgane", "image": "https://raw.githubusercontent.com/eric-gilles/Projet_Prog/main/images/jsonchat/morgane.jpg", "attributs": { "a/ont un pelage": ["blanc","noir","multicolore"], "a/ont des yeux": ["oranges"], "a/ont des poils": ["courts"], "a/ont un nez": ["rose"]} },
        { "nom": "Redolfe", "image": "https://raw.githubusercontent.com/eric-gilles/Projet_Prog/main/images/jsonchat/redolfe.jpg", "attributs": { "a/ont un pelage": ["multicolore"], "a/ont des yeux": ["jaunes"], "a/ont des poils": ["longs"], "a/ont un nez": ["rose"]} },
        { "nom": "Joseph", "image": "https://raw.githubusercontent.com/eric-gilles/Projet_Prog/main/images/jsonchat/joseph.png", "attributs": { "a/ont un pelage": ["roux","gris","multicolore"], "a/ont des yeux": ["verts"], "a/ont des poils": ["longs"], "a/ont un nez": ["marron"]} },
        { "nom": "Elian", "image": "https://raw.githubusercontent.com/eric-gilles/Projet_Prog/main/images/jsonchat/elian.jpg", "attributs": { "a/ont un pelage": ["multicolore"], "a/ont des yeux": ["verts"], "a/ont des poils": ["courts"], "a/ont un nez": ["rose"]} },
        { "nom":"Kevin", "image": "https://raw.githubusercontent.com/eric-gilles/Projet_Prog/main/images/jsonchat/kevin.jpg", "attributs": { "a/ont un pelage": ["blanc"], "a/ont des yeux": ["bleus"], "a/ont des poils": ["longs"], "a/ont un nez": ["rose"]}}
    ]
}
